is_error,is_post_error,is_complete,cue1,cue2,release1,release2,choice,drop,delay,condition,rt_bar2red,rt_red2cue,rt_cueon_to_cue1,rt_release1,rt_cue1_to_cue2,rt_release2,filename
0,0,1,purple,,1,0,1,4,10,6,,,0.760000000000005,0.622,NaN,NaN,T130920
0,0,1,yellow,purple,0,1,1,6,1,7,,,1.39500000000001,NaN,1.104,0.358999999999995,T130920
0,0,1,yellow,purple,0,1,1,6,1,7,,,1.078,NaN,1.104,0.344999999999999,T130920
0,0,1,purple,,1,0,1,4,10,6,,,2.01300000000001,0.484000000000009,NaN,NaN,T130920
0,0,1,yellow,purple,0,1,1,4,10,6,,,1.072,NaN,1.114,0.400999999999982,T130920
0,0,1,purple,,1,0,1,6,5,8,,,1.69800000000001,0.466999999999985,NaN,NaN,T130920
0,0,1,purple,,1,0,1,4,5,5,,,1.39500000000001,0.403999999999996,NaN,NaN,T130920
0,0,1,purple,,1,0,1,4,1,4,,,1.696,0.341999999999985,NaN,NaN,T130920
0,0,1,yellow,purple,0,1,1,2,5,2,,,0.759999999999991,NaN,1.10300000000001,0.387,T130920
0,0,1,purple,,1,0,1,2,10,3,,,2.01400000000001,0.39500000000001,NaN,NaN,T130920
0,0,1,purple,,1,0,1,4,1,4,,,1.697,0.302999999999997,NaN,NaN,T130920
0,0,1,yellow,purple,0,1,1,2,5,2,,,1.07799999999997,NaN,1.10300000000001,0.453000000000003,T130920
0,0,1,yellow,purple,0,1,1,6,10,9,,,1.39500000000001,NaN,1.10399999999998,0.417000000000002,T130920
0,0,1,yellow,purple,0,1,1,4,5,5,,,0.758999999999986,NaN,1.10400000000001,0.369999999999976,T130920
0,0,1,purple,,1,0,1,6,1,7,,,1.39500000000001,0.336999999999989,NaN,NaN,T130920
0,0,1,purple,yellow,0,1,0,2,10,3,,,0.759999999999991,NaN,1.11000000000001,0.351999999999975,T130920
0,0,1,yellow,,1,0,0,2,5,2,,,2.01100000000002,0.331999999999994,NaN,NaN,T130920
0,0,1,yellow,purple,0,1,1,2,1,1,,,1.71200000000005,NaN,1.10499999999996,0.352000000000032,T130920
0,0,1,purple,,1,0,1,2,10,3,,,0.761000000000024,0.567999999999984,NaN,NaN,T130920
0,0,1,purple,,1,0,1,6,5,8,,,1.07300000000004,0.462999999999965,NaN,NaN,T130920
0,0,1,purple,,1,0,1,4,10,6,,,1.39600000000002,0.488,NaN,NaN,T130920
0,0,1,yellow,purple,0,1,1,6,5,8,,,2.00999999999999,NaN,1.113,0.326999999999998,T130920
0,0,1,purple,,1,0,1,2,1,1,,,1.072,0.32099999999997,NaN,NaN,T130920
0,0,1,yellow,purple,0,1,1,6,5,8,,,1.07600000000002,NaN,1.10399999999998,0.389999999999986,T130920
0,0,1,purple,,1,0,1,2,10,3,,,1.71299999999997,0.328000000000031,NaN,NaN,T130920
0,0,1,yellow,purple,0,1,1,6,1,7,,,0.759999999999991,NaN,1.11000000000001,0.348000000000013,T130920
0,0,1,purple,,1,0,1,4,10,6,,,1.38499999999999,1.06299999999999,NaN,NaN,T130920
0,0,1,yellow,purple,0,1,1,4,1,4,,,2.012,NaN,1.10399999999998,0.382000000000005,T130920
0,0,1,yellow,purple,0,1,1,4,1,4,,,2.01400000000001,NaN,1.10399999999998,0.370000000000005,T130920
0,0,1,yellow,purple,0,1,1,2,5,2,,,0.760999999999967,NaN,1.10400000000004,0.492999999999995,T130920
0,0,1,yellow,purple,0,1,1,2,1,1,,,1.39400000000001,NaN,1.10399999999998,0.33499999999998,T130920
0,0,1,yellow,purple,0,1,1,4,5,5,,,1.71200000000005,NaN,1.10399999999998,0.474999999999966,T130920
0,0,1,purple,,1,0,1,6,10,9,,,2.01299999999998,0.860000000000014,NaN,NaN,T130920
0,0,1,purple,,1,0,1,4,5,5,,,1.38599999999997,0.773000000000025,NaN,NaN,T130920
0,0,1,yellow,purple,0,1,1,2,1,1,,,1.39400000000001,NaN,1.10400000000004,0.366999999999962,T130920
0,0,1,purple,,1,0,1,6,1,7,,,1.71199999999999,0.329999999999984,NaN,NaN,T130920
0,0,1,purple,,1,0,1,6,10,9,,,0.759999999999991,0.509000000000015,NaN,NaN,T130920
0,0,1,purple,,1,0,1,6,5,8,,,1.71199999999999,0.41500000000002,NaN,NaN,T130920
0,0,1,yellow,purple,0,1,1,6,10,9,,,1.07099999999997,NaN,1.11500000000001,0.487000000000023,T130920
0,0,1,purple,,1,0,1,6,10,9,,,1.38499999999999,0.578000000000031,NaN,NaN,T130920
0,0,1,purple,,1,0,1,2,1,1,,,2.012,0.305000000000007,NaN,NaN,T130920
0,0,1,yellow,purple,0,1,1,2,5,2,,,1.072,NaN,1.11400000000003,0.592999999999961,T130920
0,0,1,yellow,,1,0,0,2,10,3,,,1.697,0.151000000000067,NaN,NaN,T130920
0,0,1,purple,,1,0,1,4,5,5,,,1.39499999999998,0.5150000000001,NaN,NaN,T130920
0,0,1,purple,,1,0,1,4,1,4,,,2.01099999999997,0.344000000000051,NaN,NaN,T130920
0,0,1,yellow,purple,0,1,1,2,1,1,,,1.39499999999998,NaN,1.10400000000004,0.356999999999971,T130920
0,0,1,purple,,1,0,1,2,10,3,,,0.761000000000081,0.549999999999955,NaN,NaN,T130920
0,0,1,yellow,purple,0,1,1,6,5,8,,,1.07100000000003,NaN,1.11500000000001,0.363000000000056,T130920
0,0,1,yellow,purple,0,1,1,4,5,5,,,0.760999999999967,NaN,1.10900000000004,0.38900000000001,T130920
0,0,1,yellow,,1,0,0,6,10,9,,,1.697,1.05899999999997,NaN,NaN,T130920
0,0,1,yellow,purple,0,1,1,6,5,8,,,2.01400000000001,NaN,1.10400000000004,0.331999999999994,T130920
0,0,1,purple,,1,0,1,6,10,9,,,0.759999999999991,0.503000000000043,NaN,NaN,T130920
0,0,1,purple,,1,0,1,2,10,3,,,1.38599999999997,0.426000000000045,NaN,NaN,T130920
0,0,1,yellow,purple,0,1,1,4,1,4,,,1.71199999999999,NaN,1.10400000000004,0.399999999999977,T130920
0,0,1,yellow,purple,0,1,1,4,5,5,,,1.39400000000001,NaN,1.10400000000004,0.446000000000026,T130920
0,0,1,yellow,purple,0,1,1,2,5,2,,,0.760999999999967,NaN,1.10399999999993,0.488000000000056,T130920
0,0,1,yellow,purple,0,1,1,4,1,4,,,1.39499999999998,NaN,1.10400000000004,0.326000000000022,T130920
0,0,1,purple,,1,0,1,2,10,3,,,1.07799999999997,0.456000000000017,NaN,NaN,T130920
0,0,1,yellow,purple,0,1,1,2,5,2,,,2.00999999999999,NaN,1.11099999999999,0.386000000000081,T130920
0,0,1,purple,,1,0,1,4,1,4,,,1.072,0.432999999999993,NaN,NaN,T130920
0,0,1,purple,,1,0,1,6,10,9,,,1.71300000000008,0.507999999999925,NaN,NaN,T130920
0,0,1,yellow,purple,0,1,1,4,10,6,,,1.38499999999999,NaN,1.11800000000005,0.501999999999953,T130920
0,0,1,yellow,purple,0,1,1,2,1,1,,,1.697,NaN,1.10700000000008,0.31899999999996,T130920
0,0,1,yellow,,1,0,0,2,10,3,,,0.759999999999991,0.907000000000039,NaN,NaN,T130920
0,0,1,purple,yellow,0,1,0,4,10,6,,,2.01300000000003,NaN,1.10400000000004,0.918000000000006,T130920
0,0,1,purple,,1,0,1,4,5,5,,,1.71199999999999,0.411999999999921,NaN,NaN,T130920
0,0,1,yellow,purple,0,1,1,4,10,6,,,1.07299999999998,NaN,1.11300000000006,0.577999999999975,T130920
0,0,1,yellow,purple,0,1,1,2,1,1,,,1.38599999999997,NaN,1.11800000000005,0.364000000000033,T130920
0,0,1,purple,,1,0,1,6,5,8,,,0.759999999999991,0.58400000000006,NaN,NaN,T130920
0,0,1,purple,,1,0,1,4,1,4,,,1.3950000000001,0.371999999999957,NaN,NaN,T130920
0,0,1,purple,,1,0,1,6,1,7,,,0.759999999999991,0.428999999999974,NaN,NaN,T130920
0,0,1,purple,,1,0,1,6,1,7,,,2.01299999999992,0.322999999999979,NaN,NaN,T130920
0,0,1,purple,,1,0,1,6,1,7,,,1.697,0.329999999999927,NaN,NaN,T130920
0,0,1,purple,yellow,0,1,0,4,10,6,,,0.761000000000081,NaN,1.10399999999993,0.398000000000025,T130920
0,0,1,purple,,1,0,1,2,5,2,,,1.07899999999995,0.447000000000003,NaN,NaN,T130920
0,0,1,yellow,purple,0,1,1,4,5,5,,,1.38600000000008,NaN,1.11799999999994,0.383000000000038,T130920
0,0,1,purple,,1,0,1,6,1,7,,,2.01099999999997,0.355999999999995,NaN,NaN,T130920
0,0,1,yellow,purple,0,1,1,4,1,4,,,1.07799999999997,NaN,1.10400000000004,0.346000000000004,T130920
0,0,1,yellow,,1,0,0,4,10,6,,,1.07799999999997,0.990000000000009,NaN,NaN,T130920
0,0,1,yellow,purple,0,1,1,2,5,2,,,1.69600000000003,NaN,1.10800000000006,0.352999999999952,T130920
0,0,1,purple,,1,0,1,2,5,2,,,0.759999999999991,0.54099999999994,NaN,NaN,T130920
0,0,1,purple,,1,0,1,6,5,8,,,1.3950000000001,0.500999999999976,NaN,NaN,T130920
0,0,1,yellow,purple,0,1,1,6,10,9,,,2.00999999999999,NaN,1.11099999999999,0.425000000000068,T130920
0,0,1,purple,,1,0,1,6,5,8,,,2.00999999999999,0.449999999999932,NaN,NaN,T130920
0,0,1,yellow,purple,0,1,1,2,10,3,,,0.777000000000044,NaN,1.10399999999993,0.543000000000006,T130920
0,0,1,purple,,1,0,1,6,1,7,,,1.39499999999998,0.354000000000042,NaN,NaN,T130920
0,0,1,yellow,purple,0,1,1,4,5,5,,,1.697,NaN,1.10800000000006,0.333999999999946,T130920
0,0,1,yellow,,1,0,0,2,1,1,,,2.00999999999999,0.771000000000072,NaN,NaN,T130920
0,0,1,yellow,purple,0,1,1,2,1,1,,,1.39499999999998,NaN,1.10400000000004,0.311000000000035,T130920
0,0,1,purple,,1,0,1,6,10,9,,,1.39499999999998,0.380999999999972,NaN,NaN,T130920
0,0,1,yellow,purple,0,1,1,2,5,2,,,1.69799999999998,NaN,1.10599999999999,0.36099999999999,T130920
0,0,1,purple,,1,0,1,4,1,4,,,0.759999999999991,0.517000000000053,NaN,NaN,T130920
0,0,1,purple,,1,0,1,2,10,3,,,1.71300000000008,0.384999999999991,NaN,NaN,T130920
0,0,1,purple,,1,0,1,2,5,2,,,1.07299999999998,0.491999999999962,NaN,NaN,T130920
0,0,1,yellow,purple,0,1,1,2,5,2,,,1.39599999999996,NaN,1.10400000000004,0.427999999999997,T130920
0,0,1,purple,,1,0,1,4,1,4,,,2.01200000000006,0.343999999999937,NaN,NaN,T130920
0,0,1,purple,,1,0,1,4,1,4,,,1.07299999999998,0.442999999999984,NaN,NaN,T130920
0,0,1,yellow,purple,0,1,1,6,10,9,,,1.71299999999997,NaN,1.10300000000007,0.368999999999915,T130920
0,0,1,purple,,1,0,1,6,10,9,,,1.39499999999998,0.682000000000016,NaN,NaN,T130920
0,0,1,yellow,purple,0,1,1,4,10,6,,,2.00900000000001,NaN,1.11300000000006,0.327999999999975,T130920
0,0,1,purple,,1,0,1,6,5,8,,,1.38499999999999,0.349999999999909,NaN,NaN,T130920
0,0,1,purple,,1,0,1,2,10,3,,,0.777000000000044,0.6099999999999,NaN,NaN,T130920
0,0,1,yellow,purple,0,1,1,6,5,8,,,1.07199999999989,NaN,1.11500000000001,0.461000000000013,T130920
0,0,1,yellow,purple,0,1,1,2,5,2,,,0.759999999999991,NaN,1.10899999999992,0.510999999999967,T130920
0,0,1,yellow,purple,0,1,1,4,10,6,,,1.69699999999989,NaN,1.10800000000017,0.390999999999849,T130920
0,0,1,yellow,purple,0,1,1,2,1,1,,,2.00999999999999,NaN,1.11199999999985,0.387000000000171,T130920
0,0,1,yellow,purple,0,1,1,6,10,9,,,0.759999999999991,NaN,1.1099999999999,0.75,T130920
0,0,1,purple,,1,0,1,6,1,7,,,1.38499999999999,0.392000000000053,NaN,NaN,T130920
0,0,1,yellow,purple,0,1,1,2,1,1,,,1.71199999999999,NaN,1.10400000000004,0.353000000000065,T130920
1,0,0,yellow,purple,0,0,NaN,4,5,5,,,1.39500000000021,NaN,1.10399999999981,NaN,T130920
0,1,1,yellow,purple,0,1,1,4,5,5,,,0.759999999999991,NaN,1.10899999999992,0.405999999999949,T130920
0,0,1,purple,,1,0,1,4,5,5,,,1.38499999999999,0.480999999999995,NaN,NaN,T130920
0,0,1,purple,,1,0,1,2,5,2,,,1.077,0.429000000000087,NaN,NaN,T130920
0,0,1,yellow,purple,0,1,1,6,1,7,,,2.01099999999997,NaN,1.1110000000001,0.326000000000022,T130920
1,0,0,purple,yellow,0,0,NaN,4,10,6,,,1.07300000000009,NaN,1.11299999999983,NaN,T130920
0,1,1,purple,,1,0,1,4,10,6,,,1.71299999999997,0.532999999999902,NaN,NaN,T130920
0,0,1,yellow,purple,0,1,1,4,5,5,,,1.38400000000001,NaN,1.11900000000014,0.343999999999824,T130920
0,0,1,yellow,purple,0,1,1,4,10,6,,,1.69699999999989,NaN,1.1070000000002,0.562999999999874,T130920
0,0,1,purple,,1,0,1,2,1,1,,,0.759999999999991,0.313999999999851,NaN,NaN,T130920
0,0,1,yellow,purple,0,1,1,2,1,1,,,2.01199999999994,NaN,1.10500000000002,0.310999999999922,T130920
0,0,1,purple,,1,0,1,4,5,5,,,1.71199999999999,0.365000000000009,NaN,NaN,T130920
0,0,1,purple,,1,0,1,6,1,7,,,1.07200000000012,0.336000000000013,NaN,NaN,T130920
0,0,1,yellow,purple,0,1,1,2,1,1,,,1.39500000000021,NaN,1.10299999999984,0.344000000000051,T130920
0,0,1,purple,,1,0,1,6,1,7,,,0.761000000000195,0.29099999999994,NaN,NaN,T130920
0,0,1,yellow,purple,0,1,1,6,1,7,,,1.38499999999999,NaN,1.11900000000014,0.323999999999842,T130920
0,0,1,purple,,1,0,1,2,10,3,,,0.759999999999991,0.545000000000073,NaN,NaN,T130920
0,0,1,yellow,purple,0,1,1,2,10,3,,,2.01299999999992,NaN,1.10400000000004,0.507000000000062,T130920
0,0,1,purple,,1,0,1,6,5,8,,,1.71199999999999,0.377999999999929,NaN,NaN,T130920
0,0,1,yellow,purple,0,1,1,4,5,5,,,0.759999999999991,NaN,1.1099999999999,0.3900000000001,T130920
0,0,1,purple,,1,0,1,4,1,4,,,1.07199999999989,0.359000000000151,NaN,NaN,T130920
0,0,1,yellow,purple,0,1,1,6,10,9,,,1.39499999999998,NaN,1.10400000000004,0.743999999999915,T130920
0,0,1,purple,,1,0,1,2,10,3,,,2.01299999999992,0.393000000000029,NaN,NaN,T130920
0,0,1,purple,,1,0,1,6,10,9,,,1.07200000000012,0.453999999999951,NaN,NaN,T130920
0,0,1,yellow,purple,0,1,1,4,10,6,,,1.07799999999997,NaN,1.10300000000007,0.438999999999851,T130920
0,0,1,yellow,purple,0,1,1,4,1,4,,,1.71199999999999,NaN,1.10500000000002,0.337999999999965,T130920
0,0,1,purple,,1,0,1,6,5,8,,,0.77800000000002,0.503999999999905,NaN,NaN,T130920
0,0,1,yellow,purple,0,1,1,6,5,8,,,1.38499999999999,NaN,1.12000000000012,0.361999999999853,T130920
0,0,1,yellow,purple,0,1,1,4,1,4,,,2.00900000000001,NaN,1.11200000000008,0.328999999999951,T130920
0,0,1,purple,,1,0,1,2,1,1,,,2.01099999999997,0.343000000000075,NaN,NaN,T130920
0,0,1,purple,,1,0,1,4,10,6,,,0.760999999999967,0.447000000000116,NaN,NaN,T130920
0,0,1,yellow,purple,0,1,1,2,5,2,,,1.38599999999997,NaN,1.11899999999991,0.403999999999996,T130920
0,0,1,yellow,,1,0,0,2,10,3,,,1.69599999999991,0.19600000000014,NaN,NaN,T130920
1,0,0,,,0,0,NaN,2,5,2,,,NaN,NaN,NaN,NaN,T130920
0,1,1,purple,,1,0,1,2,5,2,,,1.38400000000001,0.396999999999935,NaN,NaN,T130920
0,0,1,yellow,purple,0,1,1,4,1,4,,,1.39499999999998,NaN,1.10400000000004,0.351000000000113,T130920
0,0,1,purple,,1,0,1,2,10,3,,,1.71199999999999,0.787000000000035,NaN,NaN,T130920
0,0,1,purple,,1,0,1,2,5,2,,,0.760999999999967,0.501999999999953,NaN,NaN,T130920
0,0,1,purple,,1,0,1,4,5,5,,,1.71299999999997,0.426000000000158,NaN,NaN,T130920
0,0,1,yellow,purple,0,1,1,4,5,5,,,1.07200000000012,NaN,1.11400000000003,0.422000000000025,T130920
0,0,1,purple,,1,0,1,6,10,9,,,1.38499999999999,0.498000000000047,NaN,NaN,T130920
0,0,1,purple,,1,0,1,4,5,5,,,2.0139999999999,0.478000000000065,NaN,NaN,T130920
0,0,1,yellow,purple,0,1,1,4,10,6,,,1.07199999999989,NaN,1.11500000000001,0.47400000000016,T130920
0,0,1,yellow,purple,0,1,1,6,1,7,,,1.69799999999987,NaN,1.1070000000002,0.336999999999989,T130920
0,0,1,purple,,1,0,1,6,10,9,,,1.38600000000019,0.661999999999807,NaN,NaN,T130920
0,0,1,purple,,1,0,1,6,1,7,,,2.01400000000012,0.326000000000022,NaN,NaN,T130920
0,0,1,yellow,purple,0,1,1,2,1,1,,,1.38600000000019,NaN,1.11799999999994,0.338999999999942,T130920
1,0,0,purple,yellow,0,0,NaN,2,10,3,,,0.760999999999967,NaN,1.10799999999995,NaN,T130920
0,1,1,purple,,1,0,1,2,10,3,,,1.07799999999997,0.629000000000133,NaN,NaN,T130920
0,0,1,purple,,1,0,1,4,5,5,,,0.760999999999967,0.45900000000006,NaN,NaN,T130920
0,0,1,yellow,purple,0,1,1,4,5,5,,,1.71199999999999,NaN,1.10400000000004,0.424999999999955,T130920
0,0,1,purple,,1,0,1,4,1,4,,,2.01299999999992,0.338999999999942,NaN,NaN,T130920
0,0,1,yellow,purple,0,1,1,6,5,8,,,0.759999999999991,NaN,1.10899999999992,0.347999999999956,T130920
0,0,1,purple,,1,0,1,6,5,8,,,1.38499999999999,0.500999999999976,NaN,NaN,T130920
0,0,1,yellow,purple,0,1,1,6,1,7,,,1.71299999999997,NaN,1.10400000000004,0.33400000000006,T130920
0,0,1,yellow,purple,0,1,1,6,10,9,,,1.39499999999998,NaN,1.10400000000004,0.307999999999993,T130920
0,0,1,yellow,purple,0,1,1,6,5,8,,,0.759999999999991,NaN,1.10400000000004,0.353000000000065,T130920
0,0,1,yellow,,1,0,0,2,10,3,,,1.39599999999996,0.213999999999942,NaN,NaN,T130920
0,0,1,purple,,1,0,1,4,10,6,,,1.07200000000012,0.619999999999891,NaN,NaN,T130920
0,0,1,yellow,purple,0,1,1,4,1,4,,,2.01300000000015,NaN,1.10399999999981,0.420000000000073,T130920
0,0,1,yellow,purple,0,1,1,4,1,4,,,1.07799999999997,NaN,1.10400000000004,0.333999999999833,T130920
0,0,1,purple,,1,0,1,2,5,2,,,1.71300000000019,0.45699999999988,NaN,NaN,T130920
0,0,1,yellow,purple,0,1,1,2,1,1,,,1.38499999999999,NaN,1.11900000000014,0.332999999999856,T130920
0,0,1,yellow,purple,0,1,1,2,1,1,,,1.69699999999989,NaN,1.10799999999995,0.365000000000009,T130920
0,0,1,yellow,purple,0,1,1,4,10,6,,,0.759999999999991,NaN,1.1099999999999,0.488000000000056,T130920
0,0,1,yellow,purple,0,1,1,6,1,7,,,2.01100000000019,NaN,1.1099999999999,0.326999999999998,T130920
0,0,1,purple,,1,0,1,2,10,3,,,1.69599999999991,0.688000000000102,NaN,NaN,T130920
0,0,1,yellow,purple,0,1,1,2,1,1,,,1.07799999999997,NaN,1.10400000000004,0.326999999999998,T130920
0,0,1,purple,,1,0,1,6,10,9,,,1.39599999999996,0.65300000000002,NaN,NaN,T130920
0,0,1,purple,,1,0,1,4,10,6,,,0.759999999999991,0.441000000000031,NaN,NaN,T130920
0,0,1,purple,,1,0,1,6,5,8,,,1.39400000000001,0.384999999999991,NaN,NaN,T130920
0,0,1,purple,yellow,0,1,0,6,10,9,,,0.759999999999991,NaN,1.10900000000015,0.495999999999867,T130920
0,0,1,yellow,purple,0,1,1,2,5,2,,,2.01099999999997,NaN,1.11200000000008,0.33199999999988,T130920
0,0,1,purple,,1,0,1,6,1,7,,,1.69600000000014,0.336999999999989,NaN,NaN,T130920
0,0,1,purple,,1,0,1,6,5,8,,,0.761000000000195,0.360999999999876,NaN,NaN,T130920
0,0,1,purple,,1,0,1,4,10,6,,,1.07200000000012,0.587999999999965,NaN,NaN,T130920
0,0,1,purple,,1,0,1,4,1,4,,,1.39400000000001,0.317000000000007,NaN,NaN,T130920
1,0,0,,,0,0,NaN,6,5,8,,,NaN,NaN,NaN,NaN,T130920
0,1,1,yellow,purple,0,1,1,6,5,8,,,1.07799999999997,NaN,1.10400000000004,0.513999999999896,T130920
0,0,1,yellow,purple,0,1,1,4,10,6,,,1.07900000000018,NaN,1.10399999999981,0.385999999999967,T130920
0,0,1,purple,,1,0,1,2,10,3,,,1.71299999999997,0.529999999999973,NaN,NaN,T130920
1,0,0,yellow,purple,0,0,NaN,6,10,9,,,0.759999999999991,NaN,1.10899999999992,NaN,T130920
0,1,1,yellow,,1,0,0,6,10,9,,,1.39599999999996,0.423999999999978,NaN,NaN,T130920
0,0,1,yellow,purple,0,1,1,2,1,1,,,2.00999999999999,NaN,1.11200000000008,0.315000000000055,T130920
0,0,1,purple,,1,0,1,4,1,4,,,2.00999999999999,0.348999999999933,NaN,NaN,T130920
0,0,1,yellow,purple,0,1,1,6,5,8,,,0.760999999999967,NaN,1.10400000000004,0.366999999999962,T130920
0,0,1,purple,,1,0,1,2,5,2,,,1.39400000000001,0.628999999999905,NaN,NaN,T130920
0,0,1,purple,,1,0,1,2,10,3,,,1.69699999999989,0.347999999999956,NaN,NaN,T130920
1,0,0,,,0,0,NaN,2,10,3,,,NaN,NaN,NaN,NaN,T130920
0,1,1,purple,,1,0,1,2,10,3,,,1.38499999999999,0.579999999999927,NaN,NaN,T130920
0,0,1,yellow,purple,0,1,1,6,10,9,,,1.39499999999998,NaN,1.10400000000004,0.353000000000065,T130920
0,0,1,yellow,purple,0,1,1,4,10,6,,,1.71199999999999,NaN,1.10400000000004,0.51299999999992,T130920
1,0,0,yellow,purple,0,0,NaN,4,10,6,,,0.759999999999764,NaN,1.10400000000027,NaN,T130920
0,1,1,yellow,purple,0,1,1,4,10,6,,,1.69700000000012,NaN,1.10599999999977,0.41800000000012,T130920
0,0,1,yellow,purple,0,1,1,4,5,5,,,1.07299999999987,NaN,1.11400000000003,0.547000000000025,T130920
0,0,1,purple,,1,0,1,6,5,8,,,1.38400000000001,0.609999999999673,NaN,NaN,T130920
0,0,1,purple,,1,0,1,2,10,3,,,2.01399999999967,0.341000000000349,NaN,NaN,T130920
0,0,1,yellow,purple,0,1,1,6,5,8,,,1.07199999999966,NaN,1.11400000000003,0.324000000000069,T130920
0,0,1,purple,,1,0,1,4,5,5,,,1.69799999999987,0.121999999999844,NaN,NaN,T130920
0,0,1,purple,,1,0,1,2,1,1,,,1.39599999999973,0.338000000000193,NaN,NaN,T130920
0,0,1,purple,,1,0,1,4,5,5,,,2.01000000000022,0.52599999999984,NaN,NaN,T130920
0,0,1,purple,,1,0,1,2,1,1,,,1.39499999999998,0.338000000000193,NaN,NaN,T130920
0,0,1,yellow,purple,0,1,1,4,1,4,,,0.759999999999764,NaN,1.10899999999992,0.332000000000335,T130920
0,0,1,purple,,1,0,1,4,5,5,,,1.07199999999966,0.554000000000087,NaN,NaN,T130920
0,0,1,yellow,,1,0,0,4,10,6,,,0.778000000000247,1.08699999999999,NaN,NaN,T130920
0,0,1,purple,,1,0,1,6,1,7,,,1.69700000000012,0.30600000000004,NaN,NaN,T130920
0,0,1,yellow,purple,0,1,1,2,1,1,,,2.01299999999992,NaN,1.10500000000002,0.311000000000149,T130920
0,0,1,yellow,purple,0,1,1,6,1,7,,,0.760999999999967,NaN,1.10500000000002,0.384999999999764,T130920
0,0,1,purple,,1,0,1,2,5,2,,,1.39499999999998,0.376000000000204,NaN,NaN,T130920
0,0,1,yellow,purple,0,1,1,4,1,4,,,1.69599999999991,NaN,1.10800000000017,0.338999999999942,T130920
0,0,1,yellow,purple,0,1,1,6,10,9,,,1.38400000000001,NaN,1.12000000000035,0.515999999999622,T130920
0,0,1,yellow,,1,0,0,2,5,2,,,0.759999999999764,0.766000000000076,NaN,NaN,T130920
0,0,1,yellow,purple,0,1,1,6,5,8,,,1.39499999999998,NaN,1.10500000000002,0.385999999999967,T130920
0,0,1,purple,,1,0,1,4,5,5,,,1.07799999999997,0.336999999999989,NaN,NaN,T130920
0,0,1,purple,,1,0,1,6,1,7,,,2.00900000000001,0.351000000000113,NaN,NaN,T130920
0,0,1,purple,,1,0,1,6,10,9,,,1.07700000000023,0.594000000000051,NaN,NaN,T130920
0,0,1,yellow,purple,0,1,1,4,1,4,,,1.69799999999987,NaN,1.10699999999997,0.346000000000004,T130920
0,0,1,purple,,1,0,1,2,1,1,,,1.38499999999976,0.317000000000007,NaN,NaN,T130920
0,0,1,purple,,1,0,1,2,10,3,,,1.71199999999999,0.513000000000375,NaN,NaN,T130920
0,0,1,yellow,purple,0,1,1,6,1,7,,,0.760000000000218,NaN,1.10799999999972,0.312000000000353,T130920
0,0,1,purple,,1,0,1,2,5,2,,,2.01000000000022,0.397999999999683,NaN,NaN,T130920
0,0,1,yellow,purple,0,1,1,6,1,7,,,1.71300000000019,NaN,1.10399999999981,0.373000000000047,T130920
0,0,1,yellow,purple,0,1,1,6,10,9,,,1.07799999999997,NaN,1.10300000000007,0.389000000000124,T130920
0,0,1,yellow,purple,0,1,1,2,5,2,,,1.39600000000019,NaN,1.10399999999981,0.332000000000335,T130920
0,0,1,yellow,purple,0,1,1,4,5,5,,,0.776000000000295,NaN,1.10399999999981,0.360999999999876,T130920
1,0,0,purple,yellow,0,0,NaN,4,10,6,,,1.39600000000019,NaN,1.10500000000002,NaN,T130920
1,1,0,purple,yellow,0,0,NaN,4,10,6,,,0.759999999999764,NaN,1.11000000000013,NaN,T130920
0,1,1,purple,,1,0,1,4,10,6,,,2.01299999999992,0.540999999999713,NaN,NaN,T130920
0,0,1,purple,,1,0,1,2,10,3,,,1.69700000000012,0.583000000000084,NaN,NaN,T130920
0,0,1,purple,,1,0,1,4,1,4,,,0.760000000000218,0.411000000000058,NaN,NaN,T130920
0,0,1,yellow,purple,0,1,1,4,10,6,,,1.07099999999991,NaN,1.11500000000024,0.476000000000113,T130920
0,0,1,yellow,purple,0,1,1,6,1,7,,,1.38599999999997,NaN,1.11799999999994,0.298000000000229,T130920
1,0,0,,,0,0,NaN,4,5,5,,,NaN,NaN,NaN,NaN,T130920
0,1,1,yellow,purple,0,1,1,4,5,5,,,1.07799999999997,NaN,1.10399999999981,0.37900000000036,T130920
0,0,1,purple,,1,0,1,2,5,2,,,1.07799999999997,0.656999999999698,NaN,NaN,T130920
1,0,0,,,0,0,NaN,2,5,2,,,NaN,NaN,NaN,NaN,T130920
0,1,1,purple,yellow,0,1,0,2,5,2,,,0.760999999999967,NaN,1.10500000000002,0.425999999999931,T130920
0,0,1,purple,,1,0,1,6,1,7,,,1.39499999999998,0.394999999999982,NaN,NaN,T130920
0,0,1,purple,,1,0,1,4,1,4,,,2.00900000000001,0.391000000000076,NaN,NaN,T130920
0,0,1,purple,,1,0,1,4,10,6,,,2.01200000000017,0.864999999999782,NaN,NaN,T130920
0,0,1,yellow,purple,0,1,1,4,1,4,,,0.759999999999764,NaN,1.11000000000013,0.36200000000008,T130920
0,0,1,yellow,purple,0,1,1,4,5,5,,,1.38500000000022,NaN,1.11900000000014,0.371999999999844,T130920
0,0,1,purple,,1,0,1,2,10,3,,,1.69700000000012,0.461999999999989,NaN,NaN,T130920
0,0,1,yellow,purple,0,1,1,6,5,8,,,2.01400000000012,NaN,1.10399999999981,0.434999999999945,T130920
0,0,1,yellow,purple,0,1,1,2,10,3,,,1.39499999999998,NaN,1.10400000000027,1.02300000000014,T130920
0,0,1,purple,,1,0,1,6,5,8,,,1.39499999999998,0.404999999999745,NaN,NaN,T130920
0,0,1,purple,,1,0,1,2,10,3,,,1.69700000000012,0.504999999999654,NaN,NaN,T130920
0,0,1,purple,,1,0,1,6,1,7,,,0.760999999999967,0.380999999999858,NaN,NaN,T130920
0,0,1,yellow,purple,0,1,1,4,10,6,,,1.69799999999987,NaN,1.10600000000022,0.411000000000058,T130920
0,0,1,purple,,1,0,1,2,1,1,,,1.07199999999966,0.420000000000073,NaN,NaN,T130920
0,0,1,yellow,purple,0,1,1,6,5,8,,,1.39599999999973,NaN,1.10500000000002,0.434000000000196,T130920
0,0,1,purple,,1,0,1,4,1,4,,,2.01399999999967,0.302000000000135,NaN,NaN,T130920
0,0,1,yellow,purple,0,1,1,6,5,8,,,1.07199999999966,NaN,1.11500000000024,0.348999999999705,T130920
0,0,1,yellow,purple,0,1,1,6,1,7,,,1.69700000000012,NaN,1.10800000000017,0.305999999999585,T130920
0,0,1,yellow,,1,0,0,6,10,9,,,1.38499999999976,0.615000000000236,NaN,NaN,T130920
0,0,1,purple,,1,0,1,2,5,2,,,2.01299999999992,0.646000000000186,NaN,NaN,T130920
0,0,1,yellow,,1,0,0,6,5,8,,,1.38599999999997,0.494000000000142,NaN,NaN,T130920
0,0,1,purple,,1,0,1,4,5,5,,,0.760999999999967,0.836999999999989,NaN,NaN,T130920
1,0,0,yellow,purple,0,0,NaN,4,10,6,,,1.07200000000012,NaN,1.11400000000003,NaN,T130920
1,1,0,yellow,purple,0,0,NaN,4,10,6,,,0.760999999999967,NaN,1.10500000000002,NaN,T130920
0,1,1,yellow,purple,0,1,1,4,10,6,,,1.69599999999991,NaN,1.10800000000017,0.4050000000002,T130920
0,0,1,purple,,1,0,1,6,10,9,,,2.00999999999976,0.4050000000002,NaN,NaN,T130920
0,0,1,yellow,purple,0,1,1,6,10,9,,,0.760000000000218,NaN,1.10500000000002,0.375999999999749,T130920
1,0,0,purple,,0,0,NaN,4,5,5,,,1.39500000000044,NaN,NaN,NaN,T130920
1,1,0,,,0,0,NaN,4,5,5,,,NaN,NaN,NaN,NaN,T130920
0,1,1,purple,yellow,0,1,0,4,5,5,,,1.69700000000012,NaN,1.10699999999997,0.707999999999629,T130920
0,0,1,yellow,purple,0,1,1,2,1,1,,,1.38500000000022,NaN,1.11799999999994,0.469000000000051,T130920
1,0,0,purple,yellow,0,0,NaN,2,1,1,,,0.760000000000218,NaN,1.10799999999972,NaN,T130920
0,1,1,purple,,1,0,1,2,1,1,,,1.39599999999973,0.326000000000022,NaN,NaN,T130920
0,0,1,purple,,1,0,1,2,5,2,,,1.07100000000037,0.714999999999691,NaN,NaN,T130920
0,0,1,yellow,,1,0,0,2,5,2,,,2.01400000000012,0.282999999999902,NaN,NaN,T130920
1,0,0,yellow,purple,0,0,NaN,2,1,1,,,1.07099999999991,NaN,1.11500000000024,NaN,T130920
0,1,1,yellow,purple,0,1,1,2,1,1,,,1.71300000000019,NaN,1.10299999999961,0.343000000000302,T130920
0,0,1,purple,,1,0,1,6,10,9,,,1.39499999999998,0.961999999999989,NaN,NaN,T130920
0,0,1,yellow,purple,0,1,1,2,10,3,,,1.69700000000012,NaN,1.10799999999972,0.340000000000146,T130920
0,0,1,purple,,1,0,1,6,10,9,,,0.759999999999764,0.653999999999996,NaN,NaN,T130920
0,0,1,yellow,purple,0,1,1,2,1,1,,,2.01299999999992,NaN,1.10399999999981,0.461999999999989,T130920
0,0,1,purple,,1,0,1,6,1,7,,,1.71300000000019,0.306999999999789,NaN,NaN,T130920
0,0,1,yellow,purple,0,1,1,4,1,4,,,1.07299999999987,NaN,1.11400000000003,0.367000000000189,T130920
0,0,1,purple,yellow,0,1,0,2,10,3,,,1.38499999999976,NaN,1.11900000000014,0.333999999999833,T130920
0,0,1,purple,,1,0,1,6,1,7,,,0.759999999999764,0.367000000000189,NaN,NaN,T130920
0,0,1,yellow,purple,0,1,1,6,5,8,,,1.39499999999998,NaN,1.10400000000027,0.365999999999985,T130920
0,0,1,purple,,1,0,1,4,1,4,,,0.759999999999764,0.335000000000036,NaN,NaN,T130920
0,0,1,yellow,,1,0,0,4,5,5,,,2.00900000000001,0.592000000000098,NaN,NaN,T130920
0,0,1,purple,,1,0,1,6,10,9,,,1.71199999999999,0.436000000000149,NaN,NaN,T130920
1,0,0,purple,yellow,0,0,NaN,2,10,3,,,0.759999999999764,NaN,1.11000000000013,NaN,T130920
0,1,1,purple,yellow,0,1,0,2,10,3,,,1.07800000000043,NaN,1.10399999999981,0.458000000000084,T130920
0,0,1,purple,,1,0,1,6,5,8,,,1.39600000000019,0.567999999999756,NaN,NaN,T130920
0,0,1,yellow,purple,0,1,1,6,5,8,,,2.00999999999976,NaN,1.11099999999988,0.338000000000193,T130920
0,0,1,purple,,1,0,1,6,10,9,,,1.07299999999987,0.664000000000215,NaN,NaN,T130920
0,0,1,yellow,purple,0,1,1,2,1,1,,,1.07799999999997,NaN,1.10399999999981,0.514000000000124,T130920
0,0,1,purple,,1,0,1,4,10,6,,,1.71300000000019,0.416999999999916,NaN,NaN,T130920
0,0,1,yellow,purple,0,1,1,6,5,8,,,0.760000000000218,NaN,1.10899999999992,0.394999999999982,T130920
0,0,1,yellow,purple,0,1,1,2,1,1,,,1.38500000000022,NaN,1.11999999999989,0.373000000000047,T130920
0,0,1,yellow,,1,0,0,6,10,9,,,2.00999999999976,0.840999999999894,NaN,NaN,T130920
0,0,1,yellow,purple,0,1,1,4,10,6,,,2.01300000000037,NaN,1.10399999999981,0.762000000000171,T130920
0,0,1,yellow,purple,0,1,1,2,1,1,,,0.776999999999589,NaN,1.10400000000027,0.384999999999764,T130920
0,0,1,purple,,1,0,1,2,10,3,,,1.39599999999973,0.524000000000342,NaN,NaN,T130920
0,0,1,purple,,1,0,1,6,1,7,,,1.69600000000037,0.360999999999876,NaN,NaN,T130920
0,0,1,purple,,1,0,1,4,1,4,,,2.01300000000037,0.386999999999716,NaN,NaN,T130920
0,0,1,purple,,1,0,1,4,5,5,,,1.38500000000022,0.556999999999789,NaN,NaN,T130920
0,0,1,purple,,1,0,1,4,5,5,,,1.39599999999973,0.518000000000029,NaN,NaN,T130920
0,0,1,yellow,purple,0,1,1,2,5,2,,,1.69799999999987,NaN,1.10600000000022,0.632000000000062,T130920
0,0,1,purple,,1,0,1,4,5,5,,,0.759999999999764,0.5,NaN,NaN,T130920
0,0,1,purple,,1,0,1,6,5,8,,,1.71299999999974,0.385999999999967,NaN,NaN,T130920
0,0,1,purple,,1,0,1,6,1,7,,,1.07199999999966,0.374000000000251,NaN,NaN,T130920
0,0,1,yellow,,1,0,0,2,5,2,,,1.39600000000019,0.471000000000004,NaN,NaN,T130920
1,0,0,,,0,0,NaN,4,10,6,,,NaN,NaN,NaN,NaN,T130920
0,1,1,yellow,purple,0,1,1,4,10,6,,,2.01299999999992,NaN,1.10399999999981,0.407000000000153,T130920
1,0,0,yellow,purple,0,0,NaN,2,10,3,,,1.07899999999972,NaN,1.10400000000027,NaN,T130920
0,1,1,yellow,purple,0,1,1,2,10,3,,,1.69700000000012,NaN,1.10800000000017,1.04799999999977,T130920
0,0,1,yellow,purple,0,1,1,4,1,4,,,1.38499999999976,NaN,1.11900000000014,0.338999999999942,T130920
0,0,1,yellow,purple,0,1,1,2,5,2,,,2.01000000000022,NaN,1.11200000000008,0.378999999999905,T130920
0,0,1,purple,,1,0,1,4,5,5,,,1.38400000000001,1.05799999999999,NaN,NaN,T130920
0,0,1,yellow,purple,0,1,1,6,10,9,,,0.759999999999764,NaN,1.10500000000002,0.443000000000211,T130920
0,0,1,purple,,1,0,1,4,10,6,,,1.07799999999997,0.748000000000047,NaN,NaN,T130920
0,0,1,yellow,purple,0,1,1,6,10,9,,,0.759999999999764,NaN,1.10899999999992,0.437000000000353,T130920
0,0,1,yellow,purple,0,1,1,2,1,1,,,1.69700000000012,NaN,1.10799999999972,0.344000000000051,T130920
0,0,1,purple,,1,0,1,6,1,7,,,2.01000000000022,0.362999999999829,NaN,NaN,T130920
0,0,1,purple,yellow,0,1,0,2,5,2,,,0.760999999999967,NaN,1.10400000000027,0.424999999999727,T130920
1,0,0,purple,,0,0,NaN,4,1,4,,,1.39499999999998,NaN,NaN,NaN,T130920
0,1,1,purple,,1,0,1,4,1,4,,,1.71300000000019,0.3449999999998,NaN,NaN,T130920
0,0,1,purple,,1,0,1,6,1,7,,,1.38500000000022,0.315999999999804,NaN,NaN,T130920
0,0,1,yellow,purple,0,1,1,2,1,1,,,0.760999999999967,NaN,1.10400000000027,0.401999999999589,T130920
1,0,0,purple,yellow,0,0,NaN,4,10,6,,,1.39600000000019,NaN,1.10399999999981,NaN,T130920
1,1,0,purple,,0,0,NaN,4,10,6,,,1.07300000000032,NaN,NaN,NaN,T130920
1,1,0,purple,yellow,0,0,NaN,4,10,6,,,2.01299999999992,NaN,1.10300000000007,NaN,T130920
1,1,0,purple,yellow,0,0,NaN,4,10,6,,,1.07099999999991,NaN,1.11500000000024,NaN,T130920
1,1,0,purple,yellow,0,0,NaN,4,10,6,,,1.71199999999999,NaN,1.10500000000002,NaN,T130920
0,1,1,purple,,1,0,1,4,10,6,,,1.38499999999976,0.782999999999902,NaN,NaN,T130920
0,0,1,yellow,purple,0,1,1,4,1,4,,,1.71300000000019,NaN,1.10399999999981,0.380000000000109,T130920
1,0,0,yellow,purple,0,0,NaN,2,10,3,,,0.777000000000044,NaN,1.10300000000007,NaN,T130920
1,1,0,yellow,purple,0,0,NaN,2,10,3,,,2.00999999999976,NaN,1.11200000000008,NaN,T130920
0,1,1,yellow,,1,0,0,2,10,3,,,1.71099999999979,0.480000000000018,NaN,NaN,T130920
0,0,1,yellow,,1,0,0,2,5,2,,,1.07200000000012,0.203999999999724,NaN,NaN,T130920
0,0,1,yellow,purple,0,1,1,2,10,3,,,1.39399999999978,NaN,1.10300000000007,0.563000000000102,T130920
0,0,1,purple,,1,0,1,6,1,7,,,0.760999999999967,0.353000000000065,NaN,NaN,T130920
0,0,1,purple,,1,0,1,4,1,4,,,1.38499999999976,0.363000000000284,NaN,NaN,T130920
0,0,1,purple,,1,0,1,6,10,9,,,0.760999999999967,0.58600000000024,NaN,NaN,T130920
0,0,1,yellow,purple,0,1,1,6,10,9,,,2.00900000000001,NaN,1.11200000000008,0.538000000000011,T130920
0,0,1,yellow,purple,0,1,1,2,10,3,,,1.69700000000012,NaN,1.10800000000017,0.43100000000004,T130920
0,0,1,yellow,purple,0,1,1,4,5,5,,,0.760000000000218,NaN,1.10899999999992,0.48700000000008,T130920
1,0,0,purple,yellow,0,0,NaN,2,5,2,,,1.07199999999966,NaN,1.11300000000028,NaN,T130920
1,1,0,purple,yellow,0,0,NaN,2,5,2,,,1.39400000000023,NaN,1.10399999999981,NaN,T130920
0,1,1,purple,,1,0,1,2,5,2,,,2.01000000000022,0.947999999999865,NaN,NaN,T130920
0,0,1,yellow,purple,0,1,1,4,5,5,,,1.07699999999977,NaN,1.10400000000027,0.49599999999964,T130920
0,0,1,yellow,purple,0,1,1,2,1,1,,,1.07799999999997,NaN,1.10400000000027,0.403999999999996,T130920
0,0,1,purple,,1,0,1,6,5,8,,,1.71300000000019,0.371999999999844,NaN,NaN,T130920
1,0,0,purple,yellow,0,0,NaN,6,5,8,,,0.759999999999764,NaN,1.10899999999992,NaN,T130920
0,1,1,purple,,1,0,1,6,5,8,,,1.39600000000019,0.536000000000058,NaN,NaN,T130920
0,0,1,yellow,,1,0,0,4,10,6,,,2.00999999999976,0.951000000000022,NaN,NaN,T130920
0,0,1,purple,,1,0,1,4,5,5,,,2.01299999999992,0.478000000000065,NaN,NaN,T130920
0,0,1,yellow,purple,0,1,1,6,1,7,,,0.760999999999967,NaN,1.10699999999997,0.445999999999913,T130920
0,0,1,purple,,1,0,1,6,1,7,,,1.38500000000022,0.339999999999691,NaN,NaN,T130920
0,0,1,purple,,1,0,1,6,5,8,,,1.71300000000019,0.454000000000178,NaN,NaN,T130920
0,0,1,yellow,purple,0,1,1,2,10,3,,,2.01000000000022,NaN,1.11199999999963,0.394999999999982,T130920
1,0,0,,,0,0,NaN,6,10,9,,,NaN,NaN,NaN,NaN,T130920
0,1,1,purple,,1,0,1,6,10,9,,,1.39499999999998,0.467000000000098,NaN,NaN,T130920
0,0,1,purple,,1,0,1,6,1,7,,,1.69600000000037,0.340999999999894,NaN,NaN,T130920
0,0,1,yellow,purple,0,1,1,2,1,1,,,0.759999999999764,NaN,1.10400000000027,0.336999999999989,T130920
0,0,1,yellow,purple,0,1,1,2,5,2,,,1.71199999999999,NaN,1.10300000000007,0.338999999999942,T130920
0,0,1,yellow,purple,0,1,1,4,10,6,,,1.07799999999997,NaN,1.10399999999981,0.403000000000247,T130920
0,0,1,yellow,purple,0,1,1,6,5,8,,,1.39499999999998,NaN,1.10500000000002,0.413000000000011,T130920
0,0,1,purple,,1,0,1,4,10,6,,,2.01299999999992,1.08100000000013,NaN,NaN,T130920
0,0,1,purple,,1,0,1,4,1,4,,,1.07200000000012,0.398999999999887,NaN,NaN,T130920
1,0,0,yellow,purple,0,0,NaN,4,10,6,,,1.71199999999999,NaN,1.10399999999981,NaN,T130920
0,1,1,yellow,purple,0,1,1,4,10,6,,,1.38400000000001,NaN,1.11999999999989,0.530999999999949,T130920
0,0,1,purple,,1,0,1,4,5,5,,,2.00999999999976,1.04199999999992,NaN,NaN,T130920
0,0,1,yellow,purple,0,1,1,2,10,3,,,1.39600000000019,NaN,1.10399999999981,0.460000000000036,T130920
1,0,0,purple,yellow,0,0,NaN,6,5,8,,,0.760999999999967,NaN,1.10399999999981,NaN,T130920
0,1,1,purple,,1,0,1,6,5,8,,,1.07200000000012,0.38799999999992,NaN,NaN,T130920
0,0,1,yellow,purple,0,1,1,2,1,1,,,0.760999999999967,NaN,1.10400000000027,0.360999999999876,T130920
0,0,1,purple,,1,0,1,2,1,1,,,1.71300000000019,0.335000000000036,NaN,NaN,T130920
0,0,1,yellow,purple,0,1,1,4,1,4,,,2.00900000000001,NaN,1.11300000000028,0.342999999999847,T130920
0,0,1,yellow,purple,0,1,1,2,5,2,,,0.759999999999764,NaN,1.10900000000038,0.431999999999789,T130920
0,0,1,yellow,,1,0,0,2,10,3,,,1.38499999999976,0.297000000000025,NaN,NaN,T130920
0,0,1,purple,,1,0,1,6,10,9,,,1.71300000000019,0.489999999999782,NaN,NaN,T130920
0,0,1,purple,,1,0,1,2,5,2,,,1.38400000000001,0.661999999999807,NaN,NaN,T130920
0,0,1,purple,,1,0,1,6,1,7,,,0.777000000000044,0.522999999999683,NaN,NaN,T130920
0,0,1,yellow,purple,0,1,1,2,5,2,,,1.38599999999997,NaN,1.11900000000014,0.490999999999985,T130920
0,0,1,purple,,1,0,1,4,10,6,,,1.07099999999991,0.734000000000378,NaN,NaN,T130920
0,0,1,yellow,purple,0,1,1,2,1,1,,,2.01399999999967,NaN,1.10400000000027,0.469000000000051,T130920
0,0,1,yellow,purple,0,1,1,4,5,5,,,1.07899999999972,NaN,1.10400000000027,0.461999999999989,T130920
0,0,1,purple,,1,0,1,4,1,4,,,1.71199999999999,0.324000000000069,NaN,NaN,T130920
1,0,0,purple,yellow,0,0,NaN,6,10,9,,,1.38499999999976,NaN,1.11900000000014,NaN,T130920
0,1,1,purple,yellow,0,1,0,6,10,9,,,1.71300000000019,NaN,1.10399999999981,0.141000000000076,T130920
0,0,1,yellow,purple,0,1,1,4,1,4,,,0.760999999999967,NaN,1.10399999999981,0.603000000000065,T130920
0,0,1,yellow,purple,0,1,1,6,1,7,,,2.01400000000012,NaN,1.10399999999981,0.411000000000058,T130920
0,0,1,yellow,purple,0,1,1,2,5,2,,,1.71199999999999,NaN,1.10500000000002,0.633000000000266,T130920
0,0,1,purple,yellow,0,1,0,6,5,8,,,1.07799999999997,NaN,1.10400000000027,0.404999999999745,T130920
0,0,1,purple,,1,0,1,6,5,8,,,1.39399999999978,0.399000000000342,NaN,NaN,T130920
0,0,1,yellow,purple,0,1,1,2,1,1,,,0.760000000000218,NaN,1.10999999999967,0.423999999999978,T130920
0,0,1,yellow,purple,0,1,1,4,10,6,,,1.38499999999976,NaN,1.11999999999989,0.800000000000182,T130920
0,0,1,yellow,purple,0,1,1,2,5,2,,,0.759000000000015,NaN,1.11000000000013,0.476999999999862,T130920
0,0,1,purple,,1,0,1,4,1,4,,,2.01099999999997,0.336999999999989,NaN,NaN,T130920
0,0,1,purple,,1,0,1,4,1,4,,,1.71100000000024,0.341999999999643,NaN,NaN,T130920
0,0,1,yellow,purple,0,1,1,2,5,2,,,0.760999999999967,NaN,1.10799999999972,0.465000000000146,T130920
0,0,1,purple,,1,0,1,6,1,7,,,1.07200000000012,0.356000000000222,NaN,NaN,T130920
0,0,1,purple,,1,0,1,4,10,6,,,1.39499999999998,0.54300000000012,NaN,NaN,T130920
0,0,1,purple,,1,0,1,4,1,4,,,2.01099999999997,0.351000000000113,NaN,NaN,T130920
0,0,1,purple,,1,0,1,6,5,8,,,1.07799999999997,0.652000000000044,NaN,NaN,T130920
0,0,1,yellow,purple,0,1,1,6,5,8,,,1.07299999999941,NaN,1.11400000000049,0.432999999999993,T130920
0,0,1,yellow,purple,0,1,1,6,1,7,,,1.69599999999991,NaN,1.10799999999927,0.33600000000024,T130920
1,0,0,purple,yellow,0,0,NaN,2,10,3,,,0.760000000000218,NaN,1.10999999999967,NaN,T130920
0,1,1,purple,,1,0,1,2,10,3,,,1.39500000000044,0.806999999999789,NaN,NaN,T130920
1,0,0,yellow,purple,0,0,NaN,2,1,1,,,2.01000000000022,NaN,1.11200000000008,NaN,T130920
1,1,0,yellow,purple,0,0,NaN,2,1,1,,,2.01299999999992,NaN,1.10399999999936,NaN,T130920
0,1,1,yellow,purple,0,1,1,2,1,1,,,0.760000000000218,NaN,1.10899999999947,0.394000000000233,T130920
0,0,1,purple,,1,0,1,4,5,5,,,1.38500000000022,1.01500000000033,NaN,NaN,T130920
0,0,1,yellow,purple,0,1,1,2,5,2,,,1.71299999999974,NaN,1.10400000000027,0.808999999999287,T130920
0,0,1,purple,,1,0,1,6,10,9,,,2.01299999999992,0.641999999999825,NaN,NaN,T130920
0,0,1,yellow,purple,0,1,1,4,10,6,,,1.38499999999931,NaN,1.11800000000039,0.514000000000124,T130920
0,0,1,yellow,purple,0,1,1,2,10,3,,,1.38499999999931,NaN,1.1190000000006,0.483999999999469,T130920
0,0,1,purple,,1,0,1,4,10,6,,,1.69800000000032,0.901999999999134,NaN,NaN,T130920
0,0,1,purple,,1,0,1,2,1,1,,,0.761000000000422,0.341999999999643,NaN,NaN,T130920
0,0,1,yellow,purple,0,1,1,2,1,1,,,1.69700000000012,NaN,1.10800000000017,0.347999999999956,T130920
0,0,1,yellow,purple,0,1,1,4,5,5,,,1.07200000000012,NaN,1.11499999999978,0.467999999999847,T130920
0,0,1,purple,,1,0,1,6,10,9,,,1.38599999999951,0.819000000000415,NaN,NaN,T130920
1,0,0,purple,yellow,0,0,NaN,6,10,9,,,2.01299999999992,NaN,1.10500000000047,NaN,T130920
1,1,0,purple,yellow,0,0,NaN,6,10,9,,,1.07200000000012,NaN,1.11400000000049,NaN,T130920
1,1,0,purple,yellow,0,0,NaN,6,10,9,,,1.71200000000044,NaN,1.10400000000027,NaN,T130920
0,1,1,purple,yellow,0,1,0,6,10,9,,,1.38500000000022,NaN,1.11799999999948,0.536000000000058,T130920
0,0,1,purple,,1,0,1,4,5,5,,,2.01000000000022,0.565999999999804,NaN,NaN,T130920
0,0,1,yellow,purple,0,1,1,4,1,4,,,1.39599999999973,NaN,1.10400000000027,0.356999999999971,T130920
0,0,1,yellow,purple,0,1,1,2,1,1,,,0.760999999999513,NaN,1.10400000000027,0.425999999999476,T130920
0,0,1,purple,,1,0,1,6,1,7,,,1.07800000000043,0.496000000000095,NaN,NaN,T130920
0,0,1,purple,,1,0,1,6,1,7,,,0.761000000000422,0.424999999999272,NaN,NaN,T130920
0,0,1,yellow,,1,0,0,2,10,3,,,1.71200000000044,1.09900000000016,NaN,NaN,T130920
0,0,1,yellow,purple,0,1,1,2,5,2,,,2.00999999999931,NaN,1.11099999999988,0.411000000000058,T130920
0,0,1,yellow,purple,0,1,1,6,10,9,,,0.760000000000218,NaN,1.10899999999947,0.434000000000196,T130920
1,0,0,yellow,purple,0,0,NaN,4,5,5,,,1.38500000000022,NaN,1.11999999999989,NaN,T130920
0,1,1,yellow,purple,0,1,1,4,5,5,,,1.71100000000024,NaN,1.10400000000027,0.447000000000116,T130920
0,0,1,yellow,purple,0,1,1,4,1,4,,,1.39599999999973,NaN,1.10400000000027,0.390999999999622,T130920
0,0,1,purple,,1,0,1,2,10,3,,,0.761000000000422,0.596999999999753,NaN,NaN,T130920
0,0,1,yellow,purple,0,1,1,6,5,8,,,1.38400000000001,NaN,1.1190000000006,0.514000000000124,T130920
0,0,1,purple,,1,0,1,6,10,9,,,1.07200000000012,0.815000000000509,NaN,NaN,T130920
0,0,1,purple,yellow,0,1,0,2,10,3,,,2.01400000000012,NaN,1.10400000000027,1.09599999999955,T130920
1,0,0,yellow,purple,0,0,NaN,4,10,6,,,1.07799999999952,NaN,1.10500000000047,NaN,T130920
1,1,0,,,0,0,NaN,4,10,6,,,NaN,NaN,NaN,NaN,T130920
0,1,1,yellow,purple,0,1,1,4,10,6,,,1.39600000000064,NaN,1.10399999999936,0.400000000000546,T130920
0,0,1,yellow,purple,0,1,1,4,5,5,,,1.71300000000065,NaN,1.10399999999936,0.509000000000015,T130920
0,0,1,yellow,purple,0,1,1,4,5,5,,,0.760999999999513,NaN,1.10400000000027,0.573999999999614,T130920
0,0,1,purple,,1,0,1,2,10,3,,,2.01400000000012,0.572000000000116,NaN,NaN,T130920
0,0,1,purple,yellow,0,1,0,6,10,9,,,1.69700000000012,NaN,1.10699999999997,0.127999999999702,T130920
0,0,1,yellow,purple,0,1,1,4,5,5,,,1.07200000000012,NaN,1.11499999999978,0.447000000000116,T130920
0,0,1,yellow,purple,0,1,1,2,5,2,,,1.38400000000001,NaN,1.1190000000006,0.466999999999643,T130920
0,0,1,purple,yellow,0,1,0,4,10,6,,,0.760000000000218,NaN,1.10900000000038,0.337999999999738,T130920
0,0,1,purple,,1,0,1,2,5,2,,,1.38499999999931,1.06400000000031,NaN,NaN,T130920
0,0,1,purple,,1,0,1,4,1,4,,,0.760000000000218,0.363000000000284,NaN,NaN,T130920
1,0,0,purple,yellow,0,0,NaN,2,5,2,,,2.00900000000001,NaN,1.11200000000008,NaN,T130920
0,1,1,purple,,1,0,1,2,5,2,,,1.71300000000065,0.662999999999556,NaN,NaN,T130920
0,0,1,yellow,purple,0,1,1,4,1,4,,,0.760000000000218,NaN,1.10899999999947,0.327000000000226,T130920
0,0,1,yellow,purple,0,1,1,6,10,9,,,1.07200000000012,NaN,1.11500000000069,0.557999999999993,T130920
0,0,1,yellow,,1,0,0,2,1,1,,,1.38400000000001,0.481999999999971,NaN,NaN,T130920
0,0,1,purple,,1,0,1,2,1,1,,,2.01299999999992,0.313000000000102,NaN,NaN,T130920
0,0,1,yellow,purple,0,1,1,4,10,6,,,1.07300000000032,NaN,1.11399999999958,0.418000000000575,T130920
0,0,1,purple,,1,0,1,2,5,2,,,1.07099999999991,0.48700000000008,NaN,NaN,T130920
0,0,1,yellow,,1,0,0,2,10,3,,,1.71199999999953,0.190000000000509,NaN,NaN,T130920
0,0,1,yellow,purple,0,1,1,2,5,2,,,0.760000000000218,NaN,1.10999999999967,0.594000000000051,T130920
0,0,1,yellow,purple,0,1,1,4,10,6,,,1.38600000000042,NaN,1.11799999999948,0.550000000000182,T130920
0,0,1,purple,,1,0,1,6,1,7,,,2.00999999999931,0.347000000000662,NaN,NaN,T130920
0,0,1,purple,,1,0,1,6,1,7,,,2.01200000000063,0.331000000000131,NaN,NaN,T130920
0,0,1,yellow,purple,0,1,1,2,1,1,,,0.760999999999513,NaN,1.10900000000038,0.487999999999374,T130920
0,0,1,purple,,1,0,1,6,1,7,,,1.38499999999931,0.358000000000175,NaN,NaN,T130920
0,0,1,yellow,purple,0,1,1,6,5,8,,,1.71200000000044,NaN,1.10400000000027,0.391999999999825,T130920
0,0,1,purple,,1,0,1,4,5,5,,,2.01200000000063,0.46599999999944,NaN,NaN,T130920
0,0,1,purple,,1,0,1,6,5,8,,,1.38499999999931,0.42200000000048,NaN,NaN,T130920
1,0,0,purple,yellow,0,0,NaN,4,5,5,,,1.39500000000044,NaN,1.10399999999936,NaN,T130920
1,1,0,,,0,0,NaN,4,5,5,,,NaN,NaN,NaN,NaN,T130920
1,1,0,purple,yellow,0,0,NaN,4,5,5,,,0.758999999999105,NaN,1.10400000000027,NaN,T130920
1,1,0,purple,yellow,0,0,NaN,4,5,5,,,1.69599999999991,NaN,1.10800000000017,NaN,T130920
0,1,1,purple,,1,0,1,4,5,5,,,1.07800000000043,0.545999999999367,NaN,NaN,T130920
0,0,1,purple,,1,0,1,2,10,3,,,1.38500000000022,0.91399999999976,NaN,NaN,T130920
0,0,1,yellow,purple,0,1,1,4,10,6,,,2.01299999999992,NaN,1.10400000000027,0.409999999999854,T130920
1,0,0,purple,yellow,0,0,NaN,2,10,3,,,1.07800000000043,NaN,1.10499999999956,NaN,T130920
1,1,0,purple,yellow,0,0,NaN,2,10,3,,,1.69800000000032,NaN,1.10699999999997,NaN,T130920
1,1,0,purple,yellow,0,0,NaN,2,10,3,,,1.39500000000044,NaN,1.10400000000027,NaN,T130920
1,1,0,purple,yellow,0,0,NaN,2,10,3,,,2.00900000000001,NaN,1.11200000000008,NaN,T130920
0,1,1,purple,,1,0,1,2,10,3,,,1.39500000000044,0.287999999999556,NaN,NaN,T130920
0,0,1,purple,,1,0,1,4,1,4,,,0.760000000000218,0.378999999999905,NaN,NaN,T130920
0,0,1,purple,,1,0,1,6,1,7,,,1.07699999999932,0.350000000000364,NaN,NaN,T130920
0,0,1,yellow,purple,0,1,1,6,5,8,,,0.759000000000015,NaN,1.10999999999967,0.570999999999913,T130920
0,0,1,yellow,purple,0,1,1,4,1,4,,,1.69800000000032,NaN,1.10599999999977,0.354000000000269,T130920
0,0,1,yellow,purple,0,1,1,6,10,9,,,2.00900000000001,NaN,1.11200000000008,0.752999999999702,T130920
0,0,1,purple,,1,0,1,4,1,4,,,0.761000000000422,0.393999999999323,NaN,NaN,T130920
0,0,1,purple,,1,0,1,6,10,9,,,1.39599999999973,0.802999999999884,NaN,NaN,T130920
0,0,1,yellow,purple,0,1,1,2,1,1,,,1.69599999999991,NaN,1.10800000000017,0.313999999999396,T130920
0,0,1,purple,,1,0,1,6,5,8,,,1.38400000000001,0.552999999999884,NaN,NaN,T130920
0,0,1,yellow,purple,0,1,1,4,10,6,,,0.760999999999513,NaN,1.10400000000027,0.404999999999745,T130920
0,0,1,yellow,purple,0,1,1,4,5,5,,,1.39599999999973,NaN,1.10500000000047,0.420999999999367,T130920
0,0,1,purple,,1,0,1,6,5,8,,,1.07700000000023,0.653000000000247,NaN,NaN,T130920
0,0,1,purple,,1,0,1,6,1,7,,,2.01000000000022,0.338999999999942,NaN,NaN,T130920
0,0,1,yellow,purple,0,1,1,2,10,3,,,1.07899999999972,NaN,1.10400000000027,0.583999999999833,T130920
1,0,0,yellow,purple,0,0,NaN,2,1,1,,,1.71199999999953,NaN,1.10400000000027,NaN,T130920
0,1,1,yellow,purple,0,1,1,2,1,1,,,1.38500000000022,NaN,1.11899999999969,0.451000000000022,T130920
1,0,0,purple,yellow,0,0,NaN,6,10,9,,,1.69700000000012,NaN,1.10699999999997,NaN,T130920
0,1,1,purple,,1,0,1,6,10,9,,,0.761000000000422,0.503999999999905,NaN,NaN,T130920
0,0,1,purple,,1,0,1,4,1,4,,,2.01000000000022,0.324999999999818,NaN,NaN,T130920
1,0,0,purple,yellow,0,0,NaN,4,10,6,,,1.71299999999974,NaN,1.10400000000027,NaN,T130920
0,1,1,purple,,1,0,1,4,10,6,,,1.07200000000012,0.625,NaN,NaN,T130920
1,0,0,,,0,0,NaN,6,10,9,,,NaN,NaN,NaN,NaN,T130920
0,1,1,purple,yellow,0,1,0,6,10,9,,,0.760000000000218,NaN,1.10900000000038,0.141999999999825,T130920
0,0,1,yellow,purple,0,1,1,2,1,1,,,1.38500000000022,NaN,1.11899999999969,0.344000000000051,T130920
0,0,1,yellow,purple,0,1,1,4,1,4,,,0.760000000000218,NaN,1.10999999999967,0.351999999999862,T130920
1,0,0,purple,yellow,0,0,NaN,2,10,3,,,2.01100000000042,NaN,1.11200000000008,NaN,T130920
0,1,1,purple,,1,0,1,2,10,3,,,1.71299999999974,0.4350000000004,NaN,NaN,T130920
0,0,1,purple,,1,0,1,6,1,7,,,0.759999999999309,0.390000000000327,NaN,NaN,T130920
0,0,1,purple,,1,0,1,6,1,7,,,1.07699999999932,0.329000000000633,NaN,NaN,T130920
0,0,1,yellow,purple,0,1,1,2,1,1,,,1.38599999999951,NaN,1.11899999999969,0.411000000000058,T130920
0,0,1,purple,,1,0,1,4,5,5,,,2.01099999999951,0.603000000000065,NaN,NaN,T130920
0,0,1,yellow,purple,0,1,1,4,10,6,,,1.07799999999952,NaN,1.10400000000027,0.587000000000444,T130920
0,0,1,yellow,purple,0,1,1,6,10,9,,,1.07900000000063,NaN,1.10299999999916,0.895000000000437,T130920
0,0,1,yellow,purple,0,1,1,2,1,1,,,1.71299999999974,NaN,1.10399999999936,0.324000000000524,T130920
0,0,1,purple,,1,0,1,4,10,6,,,0.761000000000422,0.515999999999622,NaN,NaN,T130920
1,0,0,purple,yellow,0,0,NaN,6,5,8,,,1.38500000000022,NaN,1.11899999999969,NaN,T130920
0,1,1,purple,,1,0,1,6,5,8,,,2.01299999999992,0.444000000000415,NaN,NaN,T130920
0,0,1,yellow,purple,0,1,1,2,1,1,,,2.00900000000001,NaN,1.11200000000008,0.649000000000342,T130920
0,0,1,yellow,purple,0,1,1,6,5,8,,,0.759999999999309,NaN,1.11000000000058,0.438000000000102,T130920
0,0,1,yellow,purple,0,1,1,4,10,6,,,1.38500000000022,NaN,1.11899999999969,0.759000000000015,T130920
0,0,1,purple,yellow,0,1,0,6,10,9,,,1.69599999999991,NaN,1.10800000000017,0.416999999999462,T130920
1,0,0,yellow,purple,0,0,NaN,2,5,2,,,2.01099999999951,NaN,1.11000000000058,NaN,T130920
0,1,1,yellow,,1,0,0,2,5,2,,,1.39500000000044,0.969000000000051,NaN,NaN,T130920
0,0,1,yellow,,1,0,0,2,1,1,,,1.38400000000001,0.529999999999745,NaN,NaN,T130920
0,0,1,purple,,1,0,1,6,1,7,,,1.71200000000044,0.324999999999818,NaN,NaN,T130920
0,0,1,purple,,1,0,1,6,10,9,,,0.760000000000218,0.555999999999585,NaN,NaN,T130920
0,0,1,yellow,purple,0,1,1,2,5,2,,,1.71299999999974,NaN,1.10500000000047,0.403999999999542,T130920
0,0,1,yellow,purple,0,1,1,4,5,5,,,1.07800000000043,NaN,1.10299999999916,0.549000000000888,T130920
1,0,0,purple,yellow,0,0,NaN,2,10,3,,,1.39400000000023,NaN,1.10499999999956,NaN,T130920
1,1,0,purple,yellow,0,0,NaN,2,10,3,,,2.01000000000022,NaN,1.11300000000028,NaN,T130920
1,1,0,purple,yellow,0,0,NaN,2,10,3,,,1.07899999999972,NaN,1.10400000000027,NaN,T130920
0,1,1,purple,yellow,0,1,0,2,10,3,,,1.69699999999921,NaN,1.10699999999997,0.540000000000873,T130920
0,0,1,purple,,1,0,1,2,5,2,,,1.38500000000022,0.421999999999571,NaN,NaN,T130920
0,0,1,yellow,purple,0,1,1,6,5,8,,,2.01199999999972,NaN,1.10400000000027,0.572999999999411,T130920
1,0,0,,,0,0,NaN,6,1,7,,,NaN,NaN,NaN,NaN,T130920
0,1,1,yellow,purple,0,1,1,6,1,7,,,0.760000000000218,NaN,1.10900000000038,0.342999999999847,T130920
0,0,1,purple,,1,0,1,4,1,4,,,1.07200000000012,0.347999999999956,NaN,NaN,T130920
0,0,1,purple,,1,0,1,2,10,3,,,0.776000000000749,0.446999999999207,NaN,NaN,T130920
0,0,1,yellow,purple,0,1,1,6,5,8,,,1.69700000000012,NaN,1.10699999999997,0.400000000000546,T130920
0,0,1,yellow,purple,0,1,1,2,10,3,,,2.01000000000022,NaN,1.11200000000008,0.742000000000189,T130920
0,0,1,purple,yellow,0,1,0,6,10,9,,,0.760000000000218,NaN,1.10900000000038,0.146999999999935,T130920
0,0,1,yellow,purple,0,1,1,4,1,4,,,1.38500000000022,NaN,1.11999999999989,0.355000000000473,T130920
0,0,1,purple,,1,0,1,4,5,5,,,1.69799999999941,0.496000000000095,NaN,NaN,T130920
1,0,0,purple,yellow,0,0,NaN,2,10,3,,,1.39499999999953,NaN,1.10400000000027,NaN,T130920
1,1,0,purple,yellow,0,0,NaN,2,10,3,,,0.760000000000218,NaN,1.10799999999927,NaN,T130920
1,1,0,purple,yellow,0,0,NaN,2,10,3,,,1.39599999999973,NaN,1.10400000000027,NaN,T130920
1,1,0,purple,yellow,0,0,NaN,2,10,3,,,1.07300000000032,NaN,1.11399999999958,NaN,T130920
1,1,0,purple,yellow,0,0,NaN,2,10,3,,,2.01199999999972,NaN,1.10500000000047,NaN,T130920
0,1,1,purple,yellow,0,1,0,2,10,3,,,1.07200000000012,NaN,1.11499999999978,0.543000000000575,T130920
1,0,0,,,0,0,NaN,4,5,5,,,NaN,NaN,NaN,NaN,T130920
1,1,0,yellow,purple,0,0,NaN,4,5,5,,,1.39599999999973,NaN,1.10400000000027,NaN,T130920
1,1,0,,,0,0,NaN,4,5,5,,,NaN,NaN,NaN,NaN,T130920
1,1,0,yellow,purple,0,0,NaN,4,5,5,,,0.778000000000247,NaN,1.10400000000027,NaN,T130920
0,1,1,yellow,purple,0,1,1,4,5,5,,,2.01099999999951,NaN,1.11099999999988,0.592000000000553,T130920
0,0,1,yellow,purple,0,1,1,6,5,8,,,1.69800000000032,NaN,1.10699999999997,0.467999999999847,T130920
0,0,1,yellow,purple,0,1,1,2,5,2,,,1.07099999999991,NaN,1.11499999999978,0.275000000000546,T130920
0,0,1,yellow,,1,0,0,2,5,2,,,1.38500000000022,0.528000000000247,NaN,NaN,T130920
0,0,1,yellow,purple,0,1,1,4,10,6,,,0.760000000000218,NaN,1.10399999999936,0.519000000000233,T130920
0,0,1,purple,,1,0,1,6,1,7,,,1.39499999999953,0.342999999999847,NaN,NaN,T130920
0,0,1,purple,,1,0,1,4,1,4,,,0.760000000000218,0.320999999999913,NaN,NaN,T130920
0,0,1,yellow,purple,0,1,1,4,5,5,,,2.01299999999992,NaN,1.10400000000027,0.373999999999796,T130920
0,0,1,purple,,1,0,1,4,1,4,,,1.71200000000044,0.309999999999491,NaN,NaN,T130920
0,0,1,yellow,purple,0,1,1,4,5,5,,,0.760000000000218,NaN,1.10999999999967,0.639000000000124,T130920
0,0,1,purple,,1,0,1,2,5,2,,,1.07099999999991,0.761999999999716,NaN,NaN,T130920
0,0,1,yellow,purple,0,1,1,6,1,7,,,1.39599999999973,NaN,1.10500000000047,0.386999999999716,T130920
0,0,1,purple,,1,0,1,2,10,3,,,2.01200000000063,1.01800000000003,NaN,NaN,T130920
1,0,0,,,0,0,NaN,4,10,6,,,NaN,NaN,NaN,NaN,T130920
1,1,0,yellow,purple,0,0,NaN,4,10,6,,,1.07799999999952,NaN,1.10400000000027,NaN,T130920
0,1,1,yellow,purple,0,1,1,4,10,6,,,1.69699999999921,NaN,1.10800000000017,0.217000000000553,T130920
0,0,1,purple,yellow,0,1,0,2,10,3,,,0.760000000000218,NaN,1.10900000000038,0.199999999999818,T130920
1,0,0,,,0,0,NaN,2,10,3,,,NaN,NaN,NaN,NaN,T130920
1,1,0,,,0,0,NaN,2,10,3,,,NaN,NaN,NaN,NaN,T130920
1,1,0,,,0,0,NaN,2,10,3,,,NaN,NaN,NaN,NaN,T130920
1,1,0,purple,yellow,0,0,NaN,2,10,3,,,2.01299999999992,NaN,1.10400000000027,NaN,T130920
0,1,1,purple,yellow,0,1,0,2,10,3,,,0.759999999999309,NaN,1.11000000000058,0.166999999999462,T130920
0,0,1,purple,yellow,0,1,0,6,5,8,,,1.38400000000001,NaN,1.11899999999969,0.356000000000677,T130920
1,0,0,,,0,0,NaN,4,10,6,,,NaN,NaN,NaN,NaN,T130920
1,1,0,yellow,purple,0,0,NaN,4,10,6,,,2.01299999999992,NaN,1.10400000000027,NaN,T130920
1,1,0,,,0,0,NaN,4,10,6,,,NaN,NaN,NaN,NaN,T130920
1,1,0,yellow,purple,0,0,NaN,4,10,6,,,1.39599999999973,NaN,1.10400000000027,NaN,T130920
1,1,0,,,0,0,NaN,4,10,6,,,NaN,NaN,NaN,NaN,T130920
0,1,1,yellow,purple,0,1,1,4,10,6,,,0.777000000000044,NaN,1.10400000000027,0.855999999999767,T130920
0,0,1,purple,,1,0,1,4,5,5,,,1.71299999999974,0.485999999999876,NaN,NaN,T130920
0,0,1,yellow,,1,0,0,4,10,6,,,1.07199999999921,0.9350000000004,NaN,NaN,T130920
0,0,1,yellow,,1,0,0,2,10,3,,,1.39500000000044,0.634999999999309,NaN,NaN,T130920
0,0,1,purple,,1,0,1,2,1,1,,,2.00999999999931,0.356000000000677,NaN,NaN,T130920
0,0,1,purple,,1,0,1,4,1,4,,,1.07799999999952,0.423999999999978,NaN,NaN,T130920
1,0,0,,,0,0,NaN,6,10,9,,,NaN,NaN,NaN,NaN,T130920
0,1,1,purple,yellow,0,1,0,6,10,9,,,1.39499999999953,NaN,1.10400000000027,0.564000000000306,T130920
0,0,1,yellow,,1,0,0,6,10,9,,,2.01199999999972,0.315999999999804,NaN,NaN,T130920
1,0,0,,,0,0,NaN,4,1,4,,,NaN,NaN,NaN,NaN,T130920
0,1,1,yellow,purple,0,1,1,4,1,4,,,0.760999999999513,NaN,1.10300000000007,0.395000000000437,T130920
0,0,1,purple,yellow,0,1,0,6,10,9,,,1.07699999999932,NaN,1.10400000000027,0.425000000000182,T130920
0,0,1,yellow,purple,0,1,1,2,1,1,,,0.761000000000422,NaN,1.10499999999956,0.423999999999978,T130920
1,0,0,yellow,purple,0,0,NaN,6,10,9,,,1.71299999999974,NaN,1.10500000000047,NaN,T130920
1,1,0,yellow,purple,0,0,NaN,6,10,9,,,2.00900000000001,NaN,1.11200000000008,NaN,T130920
1,1,0,yellow,purple,0,0,NaN,6,10,9,,,0.77599999999984,NaN,1.10399999999936,NaN,T130920
1,1,0,yellow,purple,0,0,NaN,6,10,9,,,1.38500000000022,NaN,1.11899999999969,NaN,T130920
0,1,1,yellow,purple,0,1,1,6,10,9,,,1.71300000000065,NaN,1.10299999999916,0.525000000000546,T130920
